{
    "loss": 5.324721336364746,
    "accuracy": 0.5741822719573975
}